,Hood,Venue_ID,Venue_Name,Venue_Distance,Venue_Address,Venue_Latitude,Venue_Longitude,Category_ID,Category_Name
32,Wildwood Forest,4c02e10d187ec92870e5b47b,Duffer's,1883,5210 Pacific Ave,38.98097139734643,-74.82570004429925,52e81612bcbc57f1066b79eb,Mini Golf
22,Old Fourth Ward,4d6678a3153ba0930ff4e9f8,Arcade 160 Studios,792,621 North Ave NE Ste C,33.770101000000004,-84.367149,4bf58dd8d48988d124941735,Office
30,Inman Park,4d6678a3153ba0930ff4e9f8,Arcade 160 Studios,1450,621 North Ave NE Ste C,33.770101000000004,-84.367149,4bf58dd8d48988d124941735,Office
12,Atkins Park,4d6678a3153ba0930ff4e9f8,Arcade 160 Studios,1498,621 North Ave NE Ste C,33.770101000000004,-84.367149,4bf58dd8d48988d124941735,Office
14,Virginia Highland,4d6678a3153ba0930ff4e9f8,Arcade 160 Studios,1871,621 North Ave NE Ste C,33.770101000000004,-84.367149,4bf58dd8d48988d124941735,Office
27,Sweet Auburn,4d6678a3153ba0930ff4e9f8,Arcade 160 Studios,2025,621 North Ave NE Ste C,33.770101000000004,-84.367149,4bf58dd8d48988d124941735,Office
10,Midtown,4d6678a3153ba0930ff4e9f8,Arcade 160 Studios,2026,621 North Ave NE Ste C,33.770101000000004,-84.367149,4bf58dd8d48988d124941735,Office
1,Margaret Mitchell,4d6678a3153ba0930ff4e9f8,Arcade 160 Studios,2048,621 North Ave NE Ste C,33.770101000000004,-84.367149,4bf58dd8d48988d124941735,Office
40,Summerhill,4d7412d3d6f06dcbbdb70f08,Foege's Arcade,428,No Address,33.740652000000004,-84.38421600000001,4bf58dd8d48988d1e1931735,Arcade
34,Capitol Gateway,4d7412d3d6f06dcbbdb70f08,Foege's Arcade,575,No Address,33.740652000000004,-84.38421600000001,4bf58dd8d48988d1e1931735,Arcade
36,Mechanicsville,4d7412d3d6f06dcbbdb70f08,Foege's Arcade,1338,No Address,33.740652000000004,-84.38421600000001,4bf58dd8d48988d1e1931735,Arcade
42,Grant Park,4d7412d3d6f06dcbbdb70f08,Foege's Arcade,1340,No Address,33.740652000000004,-84.38421600000001,4bf58dd8d48988d1e1931735,Arcade
21,Downtown,4d7412d3d6f06dcbbdb70f08,Foege's Arcade,1410,No Address,33.740652000000004,-84.38421600000001,4bf58dd8d48988d1e1931735,Arcade
38,Peoplestown,4d7412d3d6f06dcbbdb70f08,Foege's Arcade,1423,No Address,33.740652000000004,-84.38421600000001,4bf58dd8d48988d1e1931735,Arcade
44,Oakland,4d7412d3d6f06dcbbdb70f08,Foege's Arcade,1430,No Address,33.740652000000004,-84.38421600000001,4bf58dd8d48988d1e1931735,Arcade
28,Sweet Auburn,4d7412d3d6f06dcbbdb70f08,Foege's Arcade,1694,No Address,33.740652000000004,-84.38421600000001,4bf58dd8d48988d1e1931735,Arcade
19,Castleberry Hill,4d7412d3d6f06dcbbdb70f08,Foege's Arcade,1771,No Address,33.740652000000004,-84.38421600000001,4bf58dd8d48988d1e1931735,Arcade
29,Cabbagetown,4d7412d3d6f06dcbbdb70f08,Foege's Arcade,1833,No Address,33.740652000000004,-84.38421600000001,4bf58dd8d48988d1e1931735,Arcade
39,Pittsburgh,4d7412d3d6f06dcbbdb70f08,Foege's Arcade,2220,No Address,33.740652000000004,-84.38421600000001,4bf58dd8d48988d1e1931735,Arcade
31,Lake Clair,4f5c6a22e4b0a3bd23833b66,Marlin Arcade,1142,No Address,38.49513709921038,-90.00773938818844,4bf58dd8d48988d11b941735,Pub
20,Downtown,503e646b16488fc60417dc31,PAC-MAN PLAY™ Arcade at Underground Atlanta,322,50 Upper Alabama Street,33.752497196030504,-84.39008474349977,4bf58dd8d48988d1e1931735,Arcade
35,Capitol Gateway,503e646b16488fc60417dc31,PAC-MAN PLAY™ Arcade at Underground Atlanta,951,50 Upper Alabama Street,33.752497196030504,-84.39008474349977,4bf58dd8d48988d1e1931735,Arcade
26,Sweet Auburn,503e646b16488fc60417dc31,PAC-MAN PLAY™ Arcade at Underground Atlanta,972,50 Upper Alabama Street,33.752497196030504,-84.39008474349977,4bf58dd8d48988d1e1931735,Arcade
18,Castleberry Hill,503e646b16488fc60417dc31,PAC-MAN PLAY™ Arcade at Underground Atlanta,978,50 Upper Alabama Street,33.752497196030504,-84.39008474349977,4bf58dd8d48988d1e1931735,Arcade
37,Mechanicsville,503e646b16488fc60417dc31,PAC-MAN PLAY™ Arcade at Underground Atlanta,1694,50 Upper Alabama Street,33.752497196030504,-84.39008474349977,4bf58dd8d48988d1e1931735,Arcade
43,Oakland,503e646b16488fc60417dc31,PAC-MAN PLAY™ Arcade at Underground Atlanta,1712,50 Upper Alabama Street,33.752497196030504,-84.39008474349977,4bf58dd8d48988d1e1931735,Arcade
33,Bush Mountain,503e646b16488fc60417dc31,PAC-MAN PLAY™ Arcade at Underground Atlanta,1748,50 Upper Alabama Street,33.752497196030504,-84.39008474349977,4bf58dd8d48988d1e1931735,Arcade
41,Summerhill,503e646b16488fc60417dc31,PAC-MAN PLAY™ Arcade at Underground Atlanta,1785,50 Upper Alabama Street,33.752497196030504,-84.39008474349977,4bf58dd8d48988d1e1931735,Arcade
17,Vine City,503e646b16488fc60417dc31,PAC-MAN PLAY™ Arcade at Underground Atlanta,2022,50 Upper Alabama Street,33.752497196030504,-84.39008474349977,4bf58dd8d48988d1e1931735,Arcade
24,Old Fourth Ward,503e646b16488fc60417dc31,PAC-MAN PLAY™ Arcade at Underground Atlanta,2132,50 Upper Alabama Street,33.752497196030504,-84.39008474349977,4bf58dd8d48988d1e1931735,Arcade
9,Midtown,552d475d498e4d32bce2696f,Atlanta Arcade & Gaming Rentals,649,925B Peachtree St NE,33.78531813505629,-84.37860488891602,4bf58dd8d48988d1e1931735,Arcade
0,Margaret Mitchell,552d475d498e4d32bce2696f,Atlanta Arcade & Gaming Rentals,705,925B Peachtree St NE,33.78531813505629,-84.37860488891602,4bf58dd8d48988d1e1931735,Arcade
3,Ansley Park,552d475d498e4d32bce2696f,Atlanta Arcade & Gaming Rentals,1049,925B Peachtree St NE,33.78531813505629,-84.37860488891602,4bf58dd8d48988d1e1931735,Arcade
45,State Facility,552d475d498e4d32bce2696f,Atlanta Arcade & Gaming Rentals,1399,925B Peachtree St NE,33.78531813505629,-84.37860488891602,4bf58dd8d48988d1e1931735,Arcade
5,Atlantic Station,552d475d498e4d32bce2696f,Atlanta Arcade & Gaming Rentals,1916,925B Peachtree St NE,33.78531813505629,-84.37860488891602,4bf58dd8d48988d1e1931735,Arcade
7,Home Park,552d475d498e4d32bce2696f,Atlanta Arcade & Gaming Rentals,1927,925B Peachtree St NE,33.78531813505629,-84.37860488891602,4bf58dd8d48988d1e1931735,Arcade
6,Georgia Tech,552d475d498e4d32bce2696f,Atlanta Arcade & Gaming Rentals,2138,925B Peachtree St NE,33.78531813505629,-84.37860488891602,4bf58dd8d48988d1e1931735,Arcade
16,Virginia Highland,552d475d498e4d32bce2696f,Atlanta Arcade & Gaming Rentals,2324,925B Peachtree St NE,33.78531813505629,-84.37860488891602,4bf58dd8d48988d1e1931735,Arcade
8,Loring Heights,552d475d498e4d32bce2696f,Atlanta Arcade & Gaming Rentals,2342,925B Peachtree St NE,33.78531813505629,-84.37860488891602,4bf58dd8d48988d1e1931735,Arcade
25,Old Fourth Ward,552d475d498e4d32bce2696f,Atlanta Arcade & Gaming Rentals,2444,925B Peachtree St NE,33.78531813505629,-84.37860488891602,4bf58dd8d48988d1e1931735,Arcade
15,Virginia Highland,5b04dca96bd36b002c157123,Atlanta Arcade Rentals,1378,931 Monroe Dr NE #201,33.77994,-84.36823000000001,5454152e498ef71e2b9132c6,Event Service
11,Midtown,5b04dca96bd36b002c157123,Atlanta Arcade Rentals,1478,931 Monroe Dr NE #201,33.77994,-84.36823000000001,5454152e498ef71e2b9132c6,Event Service
13,Atkins Park,5b04dca96bd36b002c157123,Atlanta Arcade Rentals,1499,931 Monroe Dr NE #201,33.77994,-84.36823000000001,5454152e498ef71e2b9132c6,Event Service
2,Margaret Mitchell,5b04dca96bd36b002c157123,Atlanta Arcade Rentals,1524,931 Monroe Dr NE #201,33.77994,-84.36823000000001,5454152e498ef71e2b9132c6,Event Service
4,Ansley Park,5b04dca96bd36b002c157123,Atlanta Arcade Rentals,1790,931 Monroe Dr NE #201,33.77994,-84.36823000000001,5454152e498ef71e2b9132c6,Event Service
23,Old Fourth Ward,5b04dca96bd36b002c157123,Atlanta Arcade Rentals,1792,931 Monroe Dr NE #201,33.77994,-84.36823000000001,5454152e498ef71e2b9132c6,Event Service
